{"swagger":"2.0","info":{"title":"EncryptorPro","description":"The Password Encryption Connector is a custom connector that provides secure encryption and decryption of sensitive data directly within your applications and workflows. This connector leverages embedded C# code to perform AES-256 encryption and decryption, ensuring robust data protection without the need for external services.","version":"1.0"},"host":"home","basePath":"/","schemes":["https"],"consumes":[],"produces":[],"paths":{"/decrypt/":{"post":{"responses":{"200":{"description":"default","schema":{"type":"object","properties":{"decryptedText":{"type":"string","description":"decryptedText","title":"Decrypted Data"}}}}},"summary":"Decrypt Data","description":"Decrypt Data","operationId":"DecryptData","parameters":[{"name":"body","in":"body","required":true,"schema":{"type":"object","properties":{"encryptedText":{"type":"string","description":"Data to be decrypted","title":"Data to be decrypted"}},"required":["encryptedText"]}}]}},"/encrypt/":{"post":{"responses":{"200":{"description":"default","schema":{"type":"object","properties":{"encryptedText":{"type":"string","description":"encryptedText","title":"Encrypted Data"}}}}},"summary":"Encrypt Data","description":"Encrypt Data","operationId":"EncryptData","parameters":[{"name":"body","in":"body","required":true,"schema":{"type":"object","properties":{"text":{"type":"string","description":"Data to be encrypted","title":"Data to be encrypted"}},"required":["text"]}}]}}},"definitions":{},"parameters":{},"responses":{},"securityDefinitions":{},"security":[],"tags":[]}