<ImportExportXml xmlns:xsi="http://www.w3.org/2001/XMLSchema-instance" OrganizationVersion="9.2.24101.190" OrganizationSchemaType="Standard" CRMServerServiceabilityVersion="9.2.24103.00212">
  <Entities></Entities>
  <Roles></Roles>
  <Workflows></Workflows>
  <FieldSecurityProfiles></FieldSecurityProfiles>
  <Templates />
  <EntityMaps />
  <EntityRelationships />
  <OrganizationSettings />
  <optionsets />
  <CustomControls />
  <EntityDataProviders />
  <Connectors>
    <Connector>
      <connectorid>dbeac426-53c5-4f84-b3d4-3ef16543522c</connectorid>
      <description>The Password Encryption Connector is a custom connector that provides secure encryption and decryption of sensitive data directly within your applications and workflows. This connector leverages embedded C# code to perform AES-256 encryption and decryption, ensuring robust data protection without the need for external services.</description>
      <displayname>Encryptor Pro</displayname>
      <iconbrandcolor>#007ee5</iconbrandcolor>
      <name>natiturt_5Fencryptor-20pro</name>
      <connectortype>1</connectortype>
      <scriptoperations>["EncryptData","DecryptData"]</scriptoperations>
      <openapidefinition>/Connector/natiturt_5Fencryptor-20pro_openapidefinition.json</openapidefinition>
      <connectionparameters>/Connector/natiturt_5Fencryptor-20pro_connectionparameters.json</connectionparameters>
      <policytemplateinstances>/Connector/natiturt_5Fencryptor-20pro_policytemplateinstances.json</policytemplateinstances>
      <customcodeblobcontent>/Connector/natiturt_5Fencryptor-20pro_customcodeblobcontent.csx</customcodeblobcontent>
      <iconblob>/Connector/natiturt_5Fencryptor-20pro_iconblob.Png</iconblob>
    </Connector>
  </Connectors>
  <Languages>
    <Language>1033</Language>
  </Languages>
</ImportExportXml>